Target,Target_seq,gRNA_s,gRNA_e
PSMA2_sg1,GCATGTGTGCGGCTGTGCTTTGGCTCTTCGGGTAAAGATGGCGGAGCGCGGGTACAGCTTTTCGCTGACTACATTCAGGTATGGAAGGGGCCCTCGAGGTCTTCAGCGTAGTCGAGGTTG,30,50
PSMA2_sg2,GATGATATGTGAACTTACAAATACCTGTGTTTCTTTTAAGCCCGTCTGGTAAACTTGTCCAGATTGAATATGCTTTGGCTGCTGTAGCTGGAGGAGCCCCGTCCGTGGGAATTAAAGGTAATG,45,65
PSMA2_sg4,ACTCTTTCTTTCCTGATTAGGGAGCTTACTTTGCCTGGAAAGCTACAGCAATGGGAAAGAACTATGTGAATGGGAAGACTTTCCTTGAGAAAAGGTAGGCCTACTCATTGTAACTGCATTCTTTAGCAAACTC,32,52
PSMA7_sg2,GACTCATACCTGCAAAGGCCATGCAGACGTTGTCATCCAAAGCACAGATCTTCCGCACTGTTCTTTCATCCTGCAGTTTGGCCACTGACTTCTTCTCCACACCAAGAACAACAATGTCTCTTCC,40,60
PSMA7_sg3,GGGTGGAGTGCCAGAGCCACCGGCTGACTGTGGAGGACCCGGTCACTGTGGAGTACATCACCCGCTACATCGCCAGTCTGAAGCAGGTGGGTGCCTGCCCGCTTGCATGCTCACCTCTGGCA,29,49
PSMA7_sg4,CCCTCATCGTGGGTTTCGACTTTGATGGCACTCCTAGGCTCTATCAGACTGACCCCTCGGGCACATACCATGCCTGGAAGGTGAGTTCGTGACAAAGGGGCTTTGGACAGTCTTGCCAGA,57,77
PSMB6_sg1,GGAGGCGTTCACTCCAGACTGGGAAAGCCGAGAAGTTTCCACTGGGGTGAGGAAGGAATCGGGGTTCATAGGACGTGCACAAGGCCTGACGCGATGGGAAGATAAAGCCTGAGTGGGGTTG,25,45
PSMB6_sg2,TGACCTGCCCTCCTTCTTGAGGGTCCCAGCCTGCGATGATGATTCCCGCCATCAGGTCTTCCCGGTATCGGTAACACATCTCCTTAAAGAGGCTGGCTGCTGTGTGGACCAGTGGAGGCTC,49,69
PSMB6_sg4,TTGCATCAGTACAGGGCATCTCTTATTGCATACTAGAATCCCAGGATTCAGGCGGGTGGTAAAGTGGCAACGGCGAATTTGGGTATCTGGTCTCCCAAAAGTACTTGCCGCTCTACCC,37,57
PSMB5_sg1,GGTCGTGCAGATCTGCTGGATCTAGGTCCAGGGAGTCTCAGTGATGGTCTGAGCCTGGCCGCGCCAGGCTGGGGTGTCCCAGAAGAGCCAGGAATCGAAATGCTTCATGGAACAACCACCCTGG,25,45
PSMB5_sg2,AATTAGTTCTTTCTGCCCACACTAGACATGGCGCTTGCCAGCGTGTTGGAGAGACCGCTACCGGTGAACCAGCGCGGGTTTTTCGGACTTGGGGGTCGTGCAGATCTGCTGGATCTAG,41,61
PSMB5_sg3,ACTCACCAGGGCCTCTCTTATCCCAGCCACAGATCATGGTGCCCATGGACAGCCCCATGCCTTTGTACTGATACACCATGTTGGCAAGCAGTTTGGAGGCAGCTGCTACAGAGATGCGTT,58,78
UBQLN1_sg1,CGCCAGCACCTTCGGCTCCGGCGGCGCTATCCTGGGAGCCCGGAGGACCGCCGCTTTCACCACTCTCGGCCATGGCTGTGGCGGCGGCGGCGGCGGTGACTCAGGCAAGCAGGA,51,71
UBQLN1_sg3,GTCTTTTATTACAGTTTGGTGGTAATCCATTTGCTTCCTTGGTGAGCAATACATCCTCTGGTGAAGGTAGTCAACCTTCCCGTACAGAAAATAGAGATCCACTACCCAATCCATGGGCTCCAC,40,60
UBQLN1_sg4,CTCAGAGAAAGTAACCATTATACACTTTCATTATCTTCCCCAAATAAGCCTACCCTGGGATGAGGCCCGGGGCTTCCGTTGCTAATGTCTGTAAACCCTGCTGAATCTGTAACAAGGCCTG,43,63
UBQLN2_sg1,CCTCGCGCTCTCTCTTTCGCCCGCCCGCGCCTTCCCTGCCCGCCTGCGTCACCGCGGCCGCCATGGCTGAGAATGGCGAGAGCAGCGGCCCCCCGCGCCCCTCCCGCGGCCCTGCTGCGGCCCAAGGCTCGGCTGCT,64,84
UBQLN2_sg2,ACCTCAGGGCCAGTCCACGCAGCCTAGCAATGCCGCGGGAACTAACACTACCTCGGCGTCGACTCCCAGGAGTAACTCCACACCTATTTCCACAAATAGCAACCCGTTTGGGTTGGG,54,74
UBQLN2_sg4,ATGCTCCACAGCTGCCGAATCCAGAAGTCAGATTTCAGCAACAACTGGAACAGCTCAACGCAATGGGGTTCTTAAACCGTGAAGCAAACTTGCAGGCCCTAATAGCAACAGGAGGCGACAT,44,64
PSME2_sg1,GAGGCTGTTATCCTCAAGTATTGGTCCAAGATTCTGGGTCAAATCGCTCAAATCCAGAGACTTACCTCCTGGAAAAGATTCTGTCTGAAGACCTCCACCTACACAGAGAGCAGTACCCGGATGTTG,50,70
PSME2_sg2,CATCTCATTGAGCATATTCTGTGATTCCCCTCCCTTGCAATGTAACCCACAGGCTGAGGAATTCCTCTACAGATTCTTGCCACAGAAAATCATATACCTGAATCAGCTCTTGCAAGTGAGTA,37,57
PSME2_sg3,GGAGGGTCTGGGATGGGGATGTCCAGTGGGGCCCGGAGGGAAGTCAAGTCAGCCACATTGAGGGAGTCCTCCTGCACAGAGCTCACTGTCAAGGGCTGCCCAACCTCTTCCCTTCATC,56,76
PSME1_sg1,CCCAGTGGGCCCTTTCTAGACCCCGCGGCGCTCACCTTGGCTTGGGCCTCGGGCTGGACCCTGAGCATGGCCATGACCGGGACGGGGGGCCTAGCGCCGCACAAGGAGTGGAGTGGGCAC,38,58
PSME1_sg2,CAAGTTTCTGAAGGGATGCGTGTGCCCCACAGGTGGATGTGTTTCGTGAAGACCTCTGTACCAAGGTAAGACATGCCCCATCAGCGTGGCCCCACCCCTGCCCAACTCCTACTGCTCAAC,44,64
PSME1_sg4,CCACAGGTATTTCTCTGAGCGTGGTGATGCAGTGACTAAAGCAGCCAAGCAGCCCCATGTGGTAGGTGAGGCCCAGGTCAGGGTGCATGGGGGAAGGACACATGTAAGGTCAGGCCTGAC,58,78
